Stimulus, Value
70,1
34.7900000000000,1
15.4700000000000,-1
28.1820000000000,-1
37.8980000000000,1
30.2260000000000,-1
36.5120000000000,1
31.1640000000000,1
26.5440000000000,1
22.4000000000000,-1
heyyoo
